timestamp,author,message
2024-10-31 03:08:00,Jane Doe,Hey Jane! How's your day going? üåü
2024-10-31 03:10:00,Jane Doe,I had such an amazing weekend at the gym with my friends - it was great having some friendly competition while enjoying all our favorite classes together! We even tried kettlebell swings for the first time which were awesome!!
2024-10-31 03:13:00,John Smith,So excited for Sunday morning workout this AM (and hopefully a good night's sleep too).
2024-10-31 03:10:00,Jane Doe,How about you? Workout? Healthier lifestyle tips/strategies? Food preferences/diets suggestions? Can I tag your friends in the comments??
2024-10-31 03:17:00,server,John Smith:
2024-10-31 03:15:00,Jane Doe,"1. The message from John is about the new job opening that you had applied for recently. Your response should be polite but also indicate your interest in this position by asking some questions like ""Can I schedule an interview soon?"", etc."
2024-10-31 03:09:00,John Smith,8. Follow up on responses - Send thank you emails after receiving positive replies (positive reply = yes) with details of when you will follow up if there's no immediate answer available.
2024-10-31 03:16:00,Jane Doe,"For example: Dear [Name], Thank you for your response earlier today regarding my inquiry about the upcoming event at our local gym."
2024-10-31 03:17:00,John Smith,Your enthusiasm was quite infectious!
2024-10-31 03:17:00,Jane Doe,I've been wanting to get back into the gym since last summer when I got too old for Zumba. How can you help me plan my first full week of exercise?
2024-10-31 03:15:00,John Smith,And how often should I expect to hit up a local yoga studio every morning after work?
2024-10-31 03:08:00,Jane Doe,It‚Äôs so convenient having a gym in the same building as my office that you can get some good cardio while enjoying your cup of coffee before heading into meetings!
2024-10-31 03:11:00,John Smith,-Maria 3 months ago. I'm lovin it !!! Gym is such an awesome workout partner... And working out at home has gotten easier with these new stair steppers!!!
2024-10-31 03:14:00,Jane Doe,They really add some extra challenge to my workout routine!
2024-10-31 03:12:00,John Smith,I don‚Äôt do much cardio for my legs because they get too tired very quickly but these little gems keep me moving while getting in great leg strength workouts that help with balance and core stability.
2024-10-31 03:14:00,Jane Doe,I am not sure if you've tried the Leg Loop Exercisers yet‚Ä¶but check them out! These have been an excellent addition to our regular exercise routine of elliptical & stationary bike rides.
2024-10-31 03:14:00,John Smith,I can be reached via email at [email protected] You‚Äôll never guess where my next escape is headed‚Ä¶ The 46th Annual Texas Book Festival takes place November 1st through Sunday in Austin.
2024-10-31 03:14:00,Jane Doe,"This year will feature an amazing lineup of authors, including NPR's Fresh Air host Terry Gross!"
2024-10-31 03:09:00,John Smith,The festival has grown tremendously over the years due in part because our readers continue to connect with this event through Twitter every August (#FestivalForWriters) and on Facebook.
2024-10-31 03:17:00,Jane Doe,"In fact, more than 650 writers attended last year alone, bringing their creative talents to the site. And I can personally attest that it's true!"
2024-10-31 03:14:00,John Smith,"While some of these tools require registration (like PoemInYourSock), others offer free access for everyone - so you don‚Äôt have to worry about joining in on any new features unless YOU want to."
2024-10-31 03:13:00,Jane Doe,"24. Fitbit Sense - This smartwatch is designed specifically with physical activity tracking in mind, offering accurate heart rate monitoring through the Galvanic Skin Response technology found within its built-in OLED display screen."
2024-10-31 03:14:00,John Smith,"It can also track your daily steps while adjustable workout modes allow for various cardio activities like running, cycling, swimming etc., all of which you receive motivation on completing each session."
2024-10-31 03:09:00,server,Jane Doe:
2024-10-31 03:12:00,John Smith,"1) What did you like most about the text? 2) Did it inspire anything for your creative writing project or personal reflection? I read the article today, and really enjoyed it!"
2024-10-31 03:09:00,Jane Doe,It gave me some great ideas on how to incorporate more movement into my life. Thank you so much for sharing this with us.
2024-10-31 03:10:00,John Smith,I‚Äôm definitely going to try it! üôÇ This looks like a good way of making fitness fun too.
2024-10-31 03:16:00,Jane Doe,What inspired you guys in the first place? Let me know if there is anything else we can do for you.. How does The Fitness App help individuals achieve their goals while staying motivated with real-time tracking data?
2024-10-31 03:14:00,John Smith,Inspired by this great conversation about creativity and community building on Tuesday 4th September I wanted to share some of my own thoughts.
2024-10-31 03:14:00,Jane Doe,My inspiration for today comes from reading a book called 'The Artist's Way'.
2024-10-31 03:12:00,John Smith,"It has helped me in creating my dream life, which is very special! How did you become an artist? I am also interested in interior design too."
2024-10-31 03:09:00,Jane Doe,So the idea was clear that both of us would be doing something together for our future business endeavors because we see so many synergies between these two industries.
2024-10-31 03:11:00,server,John Smith:
2024-10-31 03:12:00,Jane Doe,"üíØ291538640 (Katie) Dear [Blogger Name], Wow!"
2024-10-31 03:14:00,John Smith,Your blog post was such an inspiring read that I just had to share it with my writing group today.
2024-10-31 03:17:00,Jane Doe,We discussed how your words were not only impactful but also empowering for our community members struggling in the face of mental illness.
2024-10-31 03:13:00,John Smith,Your ability to bring us together as one is remarkable!
2024-10-31 03:09:00,Jane Doe,We would be delighted if you could add some more information on how this program can help improve our physical wellbeing while meeting the specific needs of our company.
2024-10-31 03:08:00,server,John Smith:
2024-10-31 03:15:00,Jane Doe,üëèHey there! I'm excited about the opportunity to meet you in person at my upcoming bootcamp session on Friday.
2024-10-31 03:11:00,John Smith,Looking forward to connecting with other like-minded individuals for some fun conversations around books we all love. Also looking forward to learning more from your own personal experiences while engaging in discussion related to our shared interests/passions.
2024-10-31 03:18:00,server,Jane Doe:
2024-10-31 03:13:00,John Smith,1) What's your preferred mode of transportation?
2024-10-31 03:16:00,Jane Doe,I love walking and biking for my daily commute! My favorite way to exercise is doing yoga while taking the stairs at home.
2024-10-31 03:16:00,John Smith,Here's one of my favourite poses in case you're interested: 1) Stand with feet hip distance apart. Turn your head slightly towards the ceiling (taking note that this helps keep it out of your eyes).
2024-10-31 03:10:00,Jane Doe,Push through your hips so they lift off your knees at an angle; keeping arms extended for balance as if doing pushups. 2) Lower down until arms are directly above shoulders...
2024-10-31 03:17:00,John Smith,"The ""Coffee with Books"" event is free, but donations of new/unworn clothing items will be accepted in support of CASA's mission (see www."
2024-10-31 03:18:00,Jane Doe,"cassolescasa.org for details). If you can only attend one day this month, choose the first! Come early before the line forms! Lots of great books being sold at reduced prices on our shelves and online!!!"
2024-10-31 03:18:00,John Smith,We have everything from historical fiction & biographies (Hillary Rodham Clinton autobiography) to romance novels and more.
2024-10-31 03:12:00,Jane Doe,"Check it all out by following our blog!
I love reading books about true stories of people in history. Do you know any good ones?"
2024-10-31 03:10:00,John Smith,What do I have next on my list?
